<?xml version="1.0"?>

<JoramAdmin>
  
  <TcpAdminModule host="localhost" port="16010" name="root" password="root">
    <property name="connectingTimer" value="60"/>
  </TcpAdminModule>
  
  <InitialContext>
    <property name="java.naming.factory.initial" value="fr.dyade.aaa.jndi2.client.NamingContextFactory"/>
    <property name="java.naming.factory.host" value="localhost"/>
    <property name="java.naming.factory.port" value="16400"/>
  </InitialContext>
  
  <MonitoringQueue name="MonitoringQueue">
    <freeReader/>
    <freeWriter/>
    <jndi name="MonitoringQueue"/>
  </MonitoringQueue>
 
  <MonitoringTopic name="MonitoringTopic">
    <property name="Joram#0:type=Destination,name=queue"
    					value="NbMsgsDeliverSinceCreation,NbMsgsReceiveSinceCreation,PendingMessageCount,NbMsgsSentToDMQSinceCreation"/>
    <property name="Joram#0:type=Destination,name=topic"
    					value="NbMsgsDeliverSinceCreation,NbMsgsReceiveSinceCreation,NbMsgsSentToDMQSinceCreation"/>
    <property name="acquisition.period" value="5000"/>
  
    <freeReader/>
    <freeWriter/>
    <jndi name="MonitoringTopic"/>
  </MonitoringTopic>
  
</JoramAdmin>
