<?xml version="1.0"?>
<!--
  - Copyright (C) 2000 - 2012 ScalAgent Distributed Technologies
  - 
  - This library is free software; you can redistribute it and/or
  - modify it under the terms of the GNU Lesser General Public
  - License as published by the Free Software Foundation; either
  - version 2.1 of the License, or any later version.
  - 
  - This library is distributed in the hope that it will be useful,
  - but WITHOUT ANY WARRANTY; without even the implied warranty of
  - MERCHANTABILITY or FITNESS FOR A PARTICULAR PURPOSE.  See the GNU
  - Lesser General Public License for more details.
  - 
  - You should have received a copy of the GNU Lesser General Public
  - License along with this library; if not, write to the Free Software
  - Foundation, Inc., 59 Temple Place, Suite 330, Boston, MA  02111-1307
  - USA.
-->
<config>
  <domain name="D1" network="fr.dyade.aaa.agent.PoolNetwork"/>

  <property name="Transaction" value="fr.dyade.aaa.ext.NGTransaction"/>
  <property name="Transaction.NbLogFile" value="64"/>
  <property name="Transaction.MaxLogFileSize" value="16"/>

  <server id="0" name="S0" hostname="localhost">
    <network domain="D1" port="16301"/>
<!--     <property name="D1.InLocalAddress" value="192.168.1.100:16301"/> -->
    <service class="org.objectweb.joram.mom.proxies.ConnectionManager"
             args="root root"/>
    <service class="org.objectweb.joram.mom.proxies.tcp.TcpProxyService" 
             args="16010"/>
<!--              args="16010 192.168.1.100"/> -->
    <service class="fr.dyade.aaa.jndi2.server.JndiServer" args="16400"/>
  </server>

  <server id="1" name="S1" hostname="localhost">
    <network domain="D1" port="16302"/>
    <service class="org.objectweb.joram.mom.proxies.ConnectionManager"
             args="root root"/>
    <service class="org.objectweb.joram.mom.proxies.tcp.TcpProxyService" 
             args="16011"/>
  </server>

  <server id="2" name="S2" hostname="localhost">
    <network domain="D1" port="16303"/>
    <service class="org.objectweb.joram.mom.proxies.ConnectionManager"
             args="root root"/>
    <service class="org.objectweb.joram.mom.proxies.tcp.TcpProxyService" 
             args="16012"/>
  </server>
</config>
