<?xml version="1.0"?>
<!--
  - Copyright (C) 2000 - 2012 ScalAgent Distributed Technologies
  - 
  - This library is free software; you can redistribute it and/or
  - modify it under the terms of the GNU Lesser General Public
  - License as published by the Free Software Foundation; either
  - version 2.1 of the License, or any later version.
  - 
  - This library is distributed in the hope that it will be useful,
  - but WITHOUT ANY WARRANTY; without even the implied warranty of
  - MERCHANTABILITY or FITNESS FOR A PARTICULAR PURPOSE.  See the GNU
  - Lesser General Public License for more details.
  - 
  - You should have received a copy of the GNU Lesser General Public
  - License along with this library; if not, write to the Free Software
  - Foundation, Inc., 59 Temple Place, Suite 330, Boston, MA  02111-1307
  - USA.
-->
<config>
  <property name="Transaction" value="fr.dyade.aaa.util.NullTransaction"/>
  <property name="java.security.auth.login.config" value="./jaas.config"/>
  <property name="joram.security.jaas.entryName" value="remote"/>
  <property name="joram.security.jaas.keystoreFile" value="./keystore"/>
  <property name="joram.security.jaas.keystorePass" value="keystorepass"/>
  <property name="joram.security.jaas.alias" value="OW"/>
  <!-- property name="joram.security.jaas.unsortRoles" value="true"/ -->


  <server id="0" name="S0" hostname="localhost">
    <service class="org.objectweb.joram.mom.proxies.ConnectionManager"
             args="org.objectweb.joram.shared.security.jaas.JonasIdentity:root"/>
    <service class="org.objectweb.joram.mom.proxies.tcp.TcpProxyService" 
             args="16010"/>
    <service class="fr.dyade.aaa.jndi2.server.JndiServer" args="16400"/>
  </server>
</config>
