<?xml version="1.0"?>

<JoramAdmin>
  
  <TcpAdminModule host="localhost" port="16010" name="root" password="root">
    <property name="connectingTimer" value="60"/>
  </TcpAdminModule>
  
  <InitialContext>
    <property name="java.naming.factory.initial" value="fr.dyade.aaa.jndi2.client.NamingContextFactory"/>
    <property name="java.naming.factory.host" value="localhost"/>
    <property name="java.naming.factory.port" value="16400"/>
  </InitialContext>
  
  <TcpConnectionFactory name="cf" host="localhost" port="16010">
    <jndi name="cf"/>
  </TcpConnectionFactory>
  
  <User name="anonymous" password="anonymous" serverId="0"/>
  
  <CollectorQueue name="queue" url="http://www.gnu.org/licenses/lgpl-2.1.txt">
    <property name="expiration" value="0"/>
    <property name="persistent" value="true"/>
    <property name="acquisition.period" value="0"/>
  
    <freeReader/>
    <freeWriter/>
    <jndi name="queue"/>
  </CollectorQueue>
    
  <CollectorTopic name="topic" url="http://www.gnu.org/licenses/lgpl-2.1.txt">
    <property name="expiration" value="0"/>
    <property name="persistent" value="true"/>
    <property name="acquisition.period" value="5000"/>
  
    <freeReader/>
    <freeWriter/>
    <jndi name="topic"/>
  </CollectorTopic>
  
</JoramAdmin>
