<?xml version="1.0"?>
<!--
  - Copyright (C) 2000 - 2012 ScalAgent Distributed Technologies
  - 
  - This library is free software; you can redistribute it and/or
  - modify it under the terms of the GNU Lesser General Public
  - License as published by the Free Software Foundation; either
  - version 2.1 of the License, or any later version.
  - 
  - This library is distributed in the hope that it will be useful,
  - but WITHOUT ANY WARRANTY; without even the implied warranty of
  - MERCHANTABILITY or FITNESS FOR A PARTICULAR PURPOSE.  See the GNU
  - Lesser General Public License for more details.
  - 
  - You should have received a copy of the GNU Lesser General Public
  - License along with this library; if not, write to the Free Software
  - Foundation, Inc., 59 Temple Place, Suite 330, Boston, MA  02111-1307
  - USA.
-->

<JoramAdmin>
  
  <TcpAdminModule host="localhost" port="16010" name="root" password="root"
                  identityClass="org.objectweb.joram.shared.security.jaas.JonasIdentity">
    <property name="connectingTimer" value="60"/>
  </TcpAdminModule>
  
  <InitialContext>
    <property name="java.naming.factory.initial"
              value="fr.dyade.aaa.jndi2.client.NamingContextFactory"/>
    <property name="java.naming.factory.host" value="localhost"/>
    <property name="java.naming.factory.port" value="16400"/>
  </InitialContext>

  <TcpConnectionFactory name="cf" host="localhost" port="16010"
                        identityClass="org.objectweb.joram.shared.security.jaas.JonasIdentity">
    <jndi name="cf"/>
  </TcpConnectionFactory>
    
  <User name="anonymous"
        identityClass="org.objectweb.joram.shared.security.jaas.JonasIdentity"/>

  <Queue name="queue">
    <reader user="anonymous"/>
    <writer user="anonymous"/>
    <jndi name="queue"/>
  </Queue>

</JoramAdmin>
