<assembly
  xmlns="http://maven.apache.org/plugins/maven-assembly-plugin/assembly/1.1.2"
  xmlns:xsi="http://www.w3.org/2001/XMLSchema-instance"
  xsi:schemaLocation="http://maven.apache.org/plugins/maven-assembly-plugin/assembly/1.1.2 http://maven.apache.org/xsd/assembly-1.1.2.xsd">

  <id>samples</id>
  <includeBaseDirectory>false</includeBaseDirectory>

  <formats>
    <format>zip</format>
  </formats>

  <fileSets>
    <fileSet>
      <directory>../samples</directory>
      <outputDirectory>/samples</outputDirectory>
      <includes>
        <include>**/src/**</include>
        <include>**/config/**</include>
        <include>**/bin/**</include>
      </includes>
      <excludes>
        <exclude>**/.svn/**</exclude>
        <exclude>**/run/**</exclude>
      </excludes>
    </fileSet>
  </fileSets>
</assembly>
